Num_Cta,Cli_codigo,TipoCuenta,Sucursal,FechaApertura,Saldo
191-10001-45,C0001,CTA AHORROS SOLES,Lince,08/11/2018,14342.99
191-10002-89,C0002,CTA AHORROS DOLARES,Cajamarca,06/06/2017,1282.7
191-10003-40,C0003,CTA CORRIENTE,Cajamarca,23/04/2021,3268.21
191-10004-94,C0004,CTA CORRIENTE,Lince,07/07/2018,8700.2
191-10005-46,C0005,CTA CORRIENTE,Callao,18/08/2022,8149.46
191-10006-63,C0006,CTA CORRIENTE,San Isidro,08/06/2020,6532.28
191-10007-16,C0007,CTA CORRIENTE,Miraflores,25/07/2024,4464.53
191-10008-54,C0008,CTA CORRIENTE,San Isidro,10/04/2022,1720.79
191-10009-23,C0009,CTA AHORROS SOLES,Lince,07/12/2010,5467.25
191-10010-48,C0010,CTA AHORROS SOLES,Lince,21/04/2011,1592.42
191-10011-67,C0011,CTA AHORROS DOLARES,San Isidro,03/09/2024,9321.54
191-10012-79,C0012,CTA AHORROS SOLES,Surco,10/09/2016,10039.86
191-10013-13,C0013,NA,Miraflores,24/04/2013,14218.54
191-10014-85,C0014,NA,Cajamarca,12/05/2020,2960.36
191-10015-25,C0015,CTA CORRIENTE,Cajamarca,04/04/2017,9376.26
191-10016-15,C0016,CTA AHORROS DOLARES,Surco,02/01/2015,10302.41
191-10017-62,C0017,CTA AHORROS SOLES,Callao,31/12/2022,2594.82
191-10018-85,C0018,CTA AHORROS DOLARES,San Isidro,10/01/2023,1896.89
191-10019-79,C0019,NA,Callao,29/04/2022,12178.98
191-10020-94,C0020,NA,Miraflores,28/05/2014,5513.35
191-10021-13,C0021,CTA AHORROS DOLARES,Callao,20/04/2019,577.76
191-10022-55,C0022,NA,La Molina,22/07/2017,10352.64
191-10023-46,C0023,CTA AHORROS DOLARES,San Isidro,02/06/2010,4397.57
191-10024-93,C0024,CTA CORRIENTE,San Isidro,28/11/2019,2443.56
191-10025-83,C0025,CTA AHORROS SOLES,La Molina,03/02/2010,5509.83
191-10026-18,C0026,CTA AHORROS SOLES,Lince,28/01/2014,1915.26
191-10027-20,C0027,NA,Cajamarca,24/05/2015,14326.09
191-10028-72,C0028,NA,La Molina,04/08/2021,2310.77
191-10029-35,C0029,CTA AHORROS SOLES,Miraflores,16/07/2020,7860.94
191-10030-14,C0030,CTA AHORROS SOLES,La Molina,03/05/2016,5200.22
191-10031-87,C0031,CTA AHORROS DOLARES,Callao,12/04/2011,8636.43
191-10032-79,C0032,CTA CORRIENTE,Lince,31/03/2011,12576.47
191-10033-34,C0033,CTA AHORROS DOLARES,Cajamarca,21/08/2021,2697.36
191-10034-90,C0034,CTA CORRIENTE,La Molina,08/01/2016,11834.45
191-10035-34,C0035,CTA AHORROS SOLES,La Molina,30/08/2023,13150.62
191-10036-27,C0036,CTA AHORROS DOLARES,Lince,23/09/2014,5392.93
191-10037-58,C0037,NA,San Isidro,08/04/2018,4340.97
191-10038-11,C0038,NA,Cajamarca,06/09/2013,8595.56
191-10039-31,C0039,CTA AHORROS SOLES,Callao,20/02/2019,3025.39
191-10040-74,C0040,CTA AHORROS SOLES,Surco,10/09/2010,14424.83
191-10041-74,C0041,NA,Miraflores,30/06/2012,14775.93
191-10042-78,C0042,NA,La Molina,22/05/2010,8649.41
191-10043-41,C0043,NA,San Isidro,06/08/2014,10065.32
191-10044-67,C0044,CTA AHORROS SOLES,La Molina,27/10/2015,12693.43
191-10045-23,C0045,CTA CORRIENTE,San Isidro,22/10/2011,2486.03
191-10046-56,C0046,CTA CORRIENTE,La Molina,12/11/2010,10258.84
191-10047-40,C0047,CTA AHORROS DOLARES,San Isidro,18/09/2021,11727.25
191-10048-12,C0048,CTA CORRIENTE,Cajamarca,03/12/2017,11433.35
191-10049-30,C0049,CTA CORRIENTE,Callao,28/02/2019,11804.11
191-10050-89,C0050,CTA CORRIENTE,Cajamarca,01/12/2020,12821.82
191-10051-41,C0051,CTA AHORROS SOLES,Lince,30/08/2019,4312.36
191-10052-58,C0052,CTA AHORROS SOLES,San Isidro,10/07/2021,8305.87
191-10053-97,C0053,NA,Callao,24/06/2018,12175.35
191-10054-54,C0054,NA,Callao,31/01/2012,4201.74
191-10055-72,C0055,CTA AHORROS SOLES,Lince,10/03/2018,4603.57
191-10056-85,C0056,NA,Surco,22/09/2017,6695.94
191-10057-55,C0057,CTA AHORROS SOLES,Miraflores,16/05/2022,5995.94
191-10058-33,C0058,CTA AHORROS SOLES,Lince,10/01/2019,6191.52
191-10059-85,C0059,CTA CORRIENTE,San Isidro,20/12/2012,10550.42
191-10060-12,C0060,CTA AHORROS SOLES,Callao,16/01/2014,7725.07
191-10061-98,C0061,CTA AHORROS DOLARES,San Isidro,06/04/2019,631.94
191-10062-20,C0062,CTA AHORROS DOLARES,Surco,19/07/2014,14155.71
191-10063-44,C0063,NA,La Molina,24/04/2011,3479.58
191-10064-23,C0064,NA,Lince,19/12/2015,14504.31
191-10065-65,C0065,CTA AHORROS SOLES,Cajamarca,28/03/2012,11494.81
191-10066-26,C0066,CTA CORRIENTE,Lince,07/03/2016,10416.19
191-10067-32,C0067,CTA AHORROS SOLES,Surco,14/04/2012,5720.21
191-10068-57,C0068,CTA CORRIENTE,San Isidro,22/05/2023,6978.63
191-10069-49,C0069,CTA AHORROS DOLARES,Callao,28/03/2010,8844.26
191-10070-78,C0070,CTA AHORROS DOLARES,La Molina,12/04/2024,13958.88
191-10071-39,C0071,CTA AHORROS SOLES,Cajamarca,04/08/2020,10291.24
191-10072-48,C0072,CTA AHORROS DOLARES,La Molina,22/06/2012,13242.38
191-10073-28,C0073,CTA AHORROS SOLES,Surco,12/10/2015,8081.82
191-10074-26,C0074,NA,San Isidro,30/11/2010,6132.72
191-10075-53,C0075,CTA AHORROS DOLARES,Lince,28/07/2017,9696.88
191-10076-60,C0076,CTA AHORROS SOLES,La Molina,06/11/2017,3193.36
191-10077-58,C0077,NA,Callao,25/08/2012,8517.79
191-10078-97,C0078,CTA AHORROS DOLARES,San Isidro,14/03/2016,4446.26
191-10079-82,C0079,CTA AHORROS DOLARES,Lince,17/01/2018,2275.34
191-10080-97,C0080,NA,San Isidro,24/12/2019,10974.3
191-10081-83,C0081,NA,Miraflores,14/12/2023,5318.75
191-10082-97,C0082,CTA CORRIENTE,Surco,13/05/2011,7463.9
191-10083-55,C0083,CTA CORRIENTE,Miraflores,11/04/2018,1343.87
191-10084-87,C0084,CTA CORRIENTE,San Isidro,01/06/2010,9887.69
191-10085-32,C0085,NA,Cajamarca,20/12/2015,14303.75
191-10086-97,C0086,CTA AHORROS SOLES,Callao,15/10/2019,5478.46
191-10087-55,C0087,CTA AHORROS SOLES,Lince,08/04/2024,11033.26
191-10088-42,C0088,NA,La Molina,10/02/2013,3574.33
191-10089-33,C0089,NA,Callao,06/01/2021,7547.8
191-10090-94,C0090,CTA AHORROS DOLARES,Lince,14/05/2013,14396.77
191-10091-71,C0091,CTA AHORROS SOLES,La Molina,05/09/2013,10523.53
191-10092-75,C0092,CTA AHORROS DOLARES,San Isidro,14/07/2022,10203.6
191-10093-61,C0093,CTA CORRIENTE,Surco,24/01/2017,962.37
191-10094-20,C0094,CTA CORRIENTE,La Molina,10/12/2019,3880.94
191-10095-18,C0095,CTA CORRIENTE,Miraflores,23/05/2015,663.52
191-10096-94,C0096,CTA AHORROS SOLES,Callao,03/03/2011,13349.09
191-10097-54,C0097,CTA AHORROS SOLES,San Isidro,18/06/2020,10251.34
191-10098-69,C0098,CTA CORRIENTE,Miraflores,18/10/2022,4408.34
191-10099-49,C0099,NA,Callao,13/11/2015,3913.85
191-10100-15,C0100,CTA AHORROS DOLARES,Surco,02/04/2015,9282.8
191-10101-97,C0101,CTA CORRIENTE,San Isidro,10/05/2023,681.4
191-10102-62,C0102,NA,La Molina,27/06/2021,12699.08
191-10103-15,C0103,CTA AHORROS DOLARES,Callao,28/10/2021,6323.84
191-10104-28,C0104,CTA AHORROS DOLARES,Lince,17/10/2014,14771.37
191-10105-14,C0105,NA,Callao,06/09/2021,11839.91
191-10106-58,C0106,NA,Surco,06/04/2017,5992.31
191-10107-53,C0107,CTA AHORROS SOLES,Cajamarca,23/05/2013,7223.19
191-10108-52,C0108,CTA AHORROS SOLES,Cajamarca,13/09/2017,12366.49
191-10109-96,C0109,CTA AHORROS DOLARES,Surco,27/10/2013,12824.59
191-10110-12,C0110,CTA CORRIENTE,La Molina,19/01/2020,548.86
191-10111-24,C0111,CTA CORRIENTE,La Molina,28/11/2023,13927.43
191-10112-28,C0112,CTA AHORROS SOLES,San Isidro,04/03/2023,14512.47
191-10113-87,C0113,CTA AHORROS SOLES,San Isidro,19/10/2018,1863.11
191-10114-15,C0114,CTA CORRIENTE,Callao,24/09/2016,10034.94
191-10115-44,C0115,CTA AHORROS DOLARES,San Isidro,14/10/2021,3016.3
191-10116-28,C0116,NA,Surco,27/09/2018,2494.7
191-10117-52,C0117,CTA AHORROS SOLES,San Isidro,23/12/2020,6504.83
191-10118-24,C0118,NA,Lince,19/01/2013,3889.16
191-10119-36,C0119,CTA CORRIENTE,La Molina,26/02/2022,14355.56
191-10120-45,C0120,NA,Miraflores,15/01/2024,2505.68
191-10121-44,C0121,CTA AHORROS DOLARES,Cajamarca,05/12/2010,500.42
191-10122-85,C0122,CTA CORRIENTE,Surco,23/04/2018,7892.78
191-10123-11,C0123,CTA AHORROS DOLARES,Callao,29/09/2023,8712.71
191-10124-56,C0124,CTA AHORROS SOLES,Lince,31/12/2015,1758.6
191-10125-22,C0125,NA,Callao,03/01/2011,5661.23
191-10126-30,C0126,CTA AHORROS SOLES,Cajamarca,06/11/2024,7907.9
191-10127-53,C0127,CTA AHORROS DOLARES,San Isidro,31/07/2011,11942.53
191-10128-70,C0128,CTA AHORROS DOLARES,San Isidro,11/01/2015,7323.46
191-10129-79,C0129,CTA AHORROS SOLES,La Molina,27/08/2024,14296.59
191-10130-54,C0130,CTA CORRIENTE,Callao,30/12/2016,12250.67
191-10131-86,C0131,NA,Callao,17/06/2017,12523.7
191-10132-64,C0132,NA,La Molina,26/12/2016,8472.32
191-10133-20,C0133,CTA AHORROS DOLARES,San Isidro,20/10/2018,4855.64
191-10134-98,C0134,CTA CORRIENTE,Surco,04/04/2011,2616.22
191-10135-56,C0135,CTA CORRIENTE,Miraflores,06/08/2015,12185.15
191-10136-49,C0136,CTA AHORROS SOLES,Callao,27/12/2012,1910.29
191-10137-16,C0137,NA,San Isidro,27/01/2011,9450.6
191-10138-75,C0138,CTA CORRIENTE,Lince,25/12/2022,12809.0
191-10139-97,C0139,CTA AHORROS SOLES,Cajamarca,16/06/2015,11079.26
191-10140-38,C0140,CTA CORRIENTE,San Isidro,25/04/2013,8090.93
191-10141-92,C0141,NA,San Isidro,03/08/2018,11356.16
191-10142-94,C0142,NA,Miraflores,27/12/2020,8320.9
191-10143-52,C0143,NA,Surco,23/09/2013,10579.09
191-10144-62,C0144,NA,La Molina,06/06/2022,13800.45
191-10145-80,C0145,CTA CORRIENTE,Surco,02/11/2016,902.72
191-10146-53,C0146,CTA AHORROS DOLARES,Surco,17/05/2023,11690.36
191-10147-57,C0147,CTA CORRIENTE,Lince,05/02/2013,13313.26
191-10148-58,C0148,CTA CORRIENTE,La Molina,21/03/2023,7885.27
191-10149-48,C0149,CTA CORRIENTE,La Molina,08/09/2015,13291.67
191-10150-61,C0150,NA,Surco,24/05/2010,9098.78
191-10151-37,C0151,CTA CORRIENTE,Cajamarca,27/11/2010,7892.73
191-10152-96,C0152,CTA AHORROS DOLARES,La Molina,07/04/2017,6209.59
191-10153-72,C0153,CTA CORRIENTE,Callao,07/01/2018,10385.11
191-10154-92,C0154,CTA CORRIENTE,Callao,26/04/2017,3196.47
191-10155-76,C0155,NA,Callao,24/07/2022,1902.83
191-10156-38,C0156,CTA AHORROS DOLARES,Lince,23/10/2016,11622.39
191-10157-74,C0157,NA,Callao,15/11/2018,5896.47
191-10158-44,C0158,CTA AHORROS SOLES,Miraflores,22/03/2018,4176.11
191-10159-61,C0159,CTA AHORROS DOLARES,La Molina,29/10/2014,2088.73
191-10160-76,C0160,CTA AHORROS SOLES,San Isidro,17/12/2011,4303.59
191-10161-50,C0161,CTA AHORROS SOLES,Surco,14/06/2015,1450.32
191-10162-55,C0162,CTA CORRIENTE,Miraflores,19/06/2020,7769.0
191-10163-20,C0163,CTA AHORROS DOLARES,Miraflores,01/03/2023,3346.35
191-10164-12,C0164,NA,Cajamarca,28/09/2021,2407.02
191-10165-92,C0165,CTA AHORROS SOLES,Cajamarca,28/01/2023,3142.33
191-10166-47,C0166,CTA AHORROS SOLES,Lince,19/04/2016,697.59
191-10167-55,C0167,CTA AHORROS DOLARES,La Molina,18/02/2019,3486.37
191-10168-34,C0168,CTA CORRIENTE,Miraflores,15/10/2011,8907.45
191-10169-62,C0169,CTA AHORROS SOLES,Miraflores,09/10/2013,12090.87
191-10170-28,C0170,CTA AHORROS DOLARES,La Molina,08/09/2021,12088.77
191-10171-33,C0171,CTA CORRIENTE,Cajamarca,12/07/2010,5244.02
191-10172-68,C0172,CTA AHORROS SOLES,Surco,22/02/2015,10988.76
191-10173-90,C0173,CTA CORRIENTE,Lince,09/09/2019,14584.35
191-10174-25,C0174,CTA AHORROS DOLARES,La Molina,17/05/2022,10223.11
191-10175-40,C0175,NA,San Isidro,09/02/2011,3095.41
191-10176-26,C0176,CTA AHORROS SOLES,San Isidro,15/04/2024,12078.39
191-10177-12,C0177,CTA AHORROS SOLES,La Molina,15/01/2011,3806.96
191-10178-43,C0178,NA,Miraflores,17/02/2013,14218.24
191-10179-39,C0179,NA,Callao,04/12/2014,5517.08
191-10180-71,C0180,CTA AHORROS DOLARES,Cajamarca,25/05/2011,9850.11
191-10181-88,C0181,NA,Callao,07/09/2018,9151.53
191-10182-91,C0182,CTA AHORROS DOLARES,Surco,19/09/2024,6318.18
191-10183-29,C0183,NA,Lince,27/06/2014,6310.77
191-10184-62,C0184,CTA CORRIENTE,La Molina,15/06/2023,1662.98
191-10185-54,C0185,CTA AHORROS SOLES,San Isidro,16/07/2011,10201.57
191-10186-24,C0186,CTA CORRIENTE,Lince,29/11/2015,14054.34
191-10187-33,C0187,CTA CORRIENTE,Callao,08/12/2013,3861.9
191-10188-36,C0188,NA,Miraflores,01/02/2024,6912.36
191-10189-72,C0189,CTA CORRIENTE,Surco,31/08/2015,1925.76
191-10190-57,C0190,CTA CORRIENTE,Callao,06/02/2023,2650.94
191-10191-32,C0191,CTA AHORROS SOLES,La Molina,25/04/2020,8738.84
191-10192-58,C0192,NA,Surco,17/05/2017,10771.83
191-10193-61,C0193,CTA CORRIENTE,San Isidro,12/10/2010,8039.55
191-10194-30,C0194,CTA AHORROS DOLARES,Lince,31/10/2013,780.08
191-10195-59,C0195,NA,Callao,19/08/2021,7860.19
191-10196-94,C0196,CTA CORRIENTE,Miraflores,03/02/2013,3099.83
191-10197-19,C0197,CTA AHORROS DOLARES,Callao,08/07/2020,12510.81
191-10198-55,C0198,CTA AHORROS SOLES,Callao,14/01/2017,5568.59
191-10199-20,C0199,NA,Miraflores,12/12/2017,9429.2
191-10200-13,C0200,CTA AHORROS DOLARES,Cajamarca,27/04/2012,9271.69
191-10201-65,C0201,CTA AHORROS DOLARES,Cajamarca,09/02/2011,7721.87
191-10202-34,C0202,NA,La Molina,10/05/2021,3937.76
191-10203-37,C0203,CTA AHORROS SOLES,Lince,16/09/2018,8207.51
191-10204-42,C0204,CTA AHORROS SOLES,Surco,23/11/2011,2696.9
191-10205-29,C0205,NA,Callao,29/11/2015,9641.99
191-10206-63,C0206,CTA AHORROS DOLARES,Surco,02/08/2011,9495.39
191-10207-96,C0207,CTA CORRIENTE,Cajamarca,17/09/2016,12369.04
191-10208-67,C0208,CTA CORRIENTE,Lince,28/09/2019,14214.83
191-10209-40,C0209,CTA AHORROS DOLARES,San Isidro,05/10/2024,4197.98
191-10210-25,C0210,NA,Surco,28/12/2012,646.58
191-10211-38,C0211,CTA AHORROS DOLARES,San Isidro,23/06/2011,13353.8
191-10212-29,C0212,NA,Miraflores,18/04/2011,14697.46
191-10213-79,C0213,CTA AHORROS SOLES,La Molina,18/02/2014,8923.87
191-10214-19,C0214,CTA AHORROS SOLES,San Isidro,26/10/2013,12107.61
191-10215-49,C0215,NA,La Molina,02/07/2015,5010.16
191-10216-60,C0216,CTA AHORROS SOLES,Miraflores,14/03/2017,756.33
191-10217-57,C0217,CTA CORRIENTE,Miraflores,03/11/2013,13645.06
191-10218-89,C0218,CTA AHORROS DOLARES,Callao,27/02/2024,12162.76
191-10219-57,C0219,CTA AHORROS SOLES,Miraflores,27/07/2021,14774.76
191-10220-22,C0220,CTA AHORROS SOLES,San Isidro,28/05/2015,11372.1
191-10221-11,C0221,NA,La Molina,10/08/2016,1096.6
191-10222-42,C0222,CTA CORRIENTE,La Molina,04/05/2024,4840.92
191-10223-76,C0223,CTA AHORROS DOLARES,Surco,04/08/2018,7305.25
191-10224-96,C0224,CTA AHORROS SOLES,Callao,02/08/2015,683.17
191-10225-63,C0225,CTA CORRIENTE,Callao,20/09/2021,12017.44
191-10226-96,C0226,CTA CORRIENTE,Lince,01/10/2022,13530.44
191-10227-50,C0227,CTA AHORROS DOLARES,Miraflores,22/03/2015,9726.71
191-10228-64,C0228,CTA CORRIENTE,Cajamarca,13/12/2022,9460.43
191-10229-22,C0229,CTA AHORROS SOLES,La Molina,22/04/2015,8925.14
191-10230-83,C0230,NA,Miraflores,15/01/2017,7804.01
191-10231-43,C0231,NA,Callao,18/06/2011,2980.16
191-10232-63,C0232,CTA CORRIENTE,Cajamarca,20/07/2020,13474.39
191-10233-50,C0233,NA,Cajamarca,19/06/2015,10247.05
191-10234-17,C0234,CTA AHORROS SOLES,San Isidro,20/11/2010,7042.29
191-10235-74,C0235,NA,Cajamarca,21/05/2024,8210.71
191-10236-80,C0236,NA,Cajamarca,06/04/2014,6643.27
191-10237-76,C0237,CTA CORRIENTE,Lince,05/01/2018,6019.56
191-10238-11,C0238,CTA AHORROS DOLARES,Surco,24/01/2013,9087.07
191-10239-75,C0239,NA,Lince,15/07/2016,4801.59
191-10240-98,C0240,NA,Callao,13/05/2023,10243.26
191-10241-40,C0241,CTA AHORROS SOLES,La Molina,26/11/2017,904.49
191-10242-76,C0242,CTA CORRIENTE,Lince,17/01/2021,2902.33
191-10243-36,C0243,CTA AHORROS DOLARES,La Molina,20/08/2013,8909.85
191-10244-55,C0244,CTA AHORROS DOLARES,La Molina,19/02/2014,2109.87
191-10245-46,C0245,CTA AHORROS DOLARES,Lince,03/05/2024,544.31
191-10246-21,C0246,CTA AHORROS SOLES,La Molina,04/05/2018,13072.23
191-10247-11,C0247,CTA AHORROS SOLES,Miraflores,12/05/2013,8971.54
191-10248-47,C0248,CTA AHORROS DOLARES,Callao,04/08/2010,4809.72
191-10249-76,C0249,NA,Callao,02/10/2016,14685.76
191-10250-33,C0250,CTA AHORROS DOLARES,Surco,16/04/2022,14921.88
191-10251-16,C0251,CTA AHORROS SOLES,La Molina,08/04/2010,12336.64
191-10252-25,C0252,NA,Cajamarca,06/03/2015,5555.21
191-10253-77,C0253,NA,Surco,09/03/2018,6047.09
191-10254-40,C0254,CTA CORRIENTE,San Isidro,20/12/2018,3456.88
191-10255-23,C0255,CTA CORRIENTE,Surco,14/05/2021,7983.76
191-10256-33,C0256,CTA AHORROS SOLES,Surco,12/05/2014,8523.05
191-10257-26,C0257,NA,Cajamarca,14/03/2016,10496.19
191-10258-32,C0258,NA,San Isidro,03/10/2014,14109.08
191-10259-52,C0259,CTA CORRIENTE,La Molina,26/05/2017,2361.3
191-10260-17,C0260,NA,Callao,10/09/2010,13643.0
191-10261-97,C0261,CTA AHORROS DOLARES,Surco,13/04/2019,2763.49
191-10262-42,C0262,CTA AHORROS DOLARES,Cajamarca,19/01/2018,2383.04
191-10263-71,C0263,CTA AHORROS SOLES,Surco,16/07/2023,10731.87
191-10264-21,C0264,CTA CORRIENTE,La Molina,01/06/2019,11298.02
191-10265-46,C0265,CTA AHORROS DOLARES,Callao,23/10/2022,8952.88
191-10266-78,C0266,CTA AHORROS DOLARES,Callao,04/06/2022,1692.52
191-10267-14,C0267,CTA CORRIENTE,Cajamarca,02/03/2021,1524.44
191-10268-58,C0268,CTA AHORROS SOLES,Callao,31/12/2024,5955.33
191-10269-93,C0269,NA,Miraflores,16/07/2017,8933.02
191-10270-30,C0270,CTA AHORROS SOLES,La Molina,14/01/2016,6292.13
191-10271-71,C0271,CTA AHORROS DOLARES,Miraflores,28/04/2016,1244.89
191-10272-60,C0272,NA,La Molina,17/03/2022,13593.0
191-10273-89,C0273,CTA AHORROS DOLARES,Surco,25/06/2010,12163.86
191-10274-66,C0274,CTA CORRIENTE,San Isidro,10/06/2012,8522.01
191-10275-53,C0275,CTA AHORROS SOLES,La Molina,28/03/2015,14243.77
191-10276-77,C0276,NA,San Isidro,01/07/2019,8520.67
191-10277-88,C0277,CTA AHORROS SOLES,Lince,14/10/2015,4069.52
191-10278-37,C0278,NA,Callao,14/10/2020,4372.0
191-10279-12,C0279,NA,Cajamarca,10/07/2020,10643.95
191-10280-96,C0280,CTA CORRIENTE,Surco,22/01/2012,10914.65
191-10281-31,C0281,CTA AHORROS DOLARES,Miraflores,11/02/2018,963.65
191-10282-61,C0282,NA,Cajamarca,10/09/2010,14012.61
191-10283-90,C0283,CTA CORRIENTE,Miraflores,05/11/2024,10333.71
191-10284-77,C0284,NA,La Molina,23/07/2013,7414.7
191-10285-12,C0285,CTA AHORROS SOLES,Surco,06/05/2015,8293.04
191-10286-94,C0286,CTA AHORROS DOLARES,Callao,15/06/2024,4526.73
191-10287-96,C0287,NA,San Isidro,07/12/2022,7269.95
191-10288-54,C0288,CTA AHORROS DOLARES,San Isidro,04/04/2019,6465.14
191-10289-88,C0289,CTA AHORROS SOLES,San Isidro,12/12/2014,11306.93
191-10290-38,C0290,NA,Surco,11/06/2021,571.62
191-10291-31,C0291,NA,Callao,18/04/2010,10629.94
191-10292-90,C0292,NA,La Molina,09/11/2019,14773.41
191-10293-44,C0293,CTA AHORROS SOLES,Surco,29/09/2020,3809.64
191-10294-59,C0294,CTA AHORROS DOLARES,Surco,12/09/2022,7065.94
191-10295-14,C0295,CTA AHORROS SOLES,La Molina,11/09/2016,1579.37
191-10296-13,C0296,CTA AHORROS SOLES,Cajamarca,13/05/2015,8057.96
191-10297-16,C0297,NA,Callao,07/03/2011,3950.75
191-10298-67,C0298,CTA AHORROS DOLARES,Lince,09/03/2019,1182.12
191-10299-98,C0299,CTA AHORROS SOLES,Miraflores,19/08/2017,11908.23
191-10300-20,C0300,CTA AHORROS SOLES,San Isidro,28/08/2016,11394.81
191-10301-59,C0301,NA,Cajamarca,18/02/2013,14702.67
191-10302-80,C0302,CTA AHORROS SOLES,Cajamarca,28/04/2016,1382.95
191-10303-12,C0303,CTA CORRIENTE,Callao,10/09/2021,13258.55
191-10304-22,C0304,CTA AHORROS SOLES,Callao,13/11/2011,10187.53
191-10305-95,C0305,NA,Miraflores,05/12/2024,6752.03
191-10306-35,C0306,CTA CORRIENTE,Lince,19/02/2016,9583.12
191-10307-95,C0307,CTA AHORROS DOLARES,La Molina,08/12/2020,14135.24
191-10308-30,C0308,CTA AHORROS SOLES,Callao,06/05/2018,5652.6
191-10309-83,C0309,CTA CORRIENTE,San Isidro,09/05/2015,10662.38
191-10310-58,C0310,NA,San Isidro,21/06/2021,4518.53
191-10311-55,C0311,CTA AHORROS SOLES,Cajamarca,20/07/2020,7619.73
191-10312-49,C0312,CTA CORRIENTE,Lince,05/02/2015,9669.57
191-10313-81,C0313,NA,Cajamarca,04/08/2022,4494.62
191-10314-45,C0314,CTA AHORROS SOLES,San Isidro,08/05/2016,530.21
191-10315-61,C0315,CTA AHORROS SOLES,La Molina,28/08/2013,4719.97
191-10316-81,C0316,CTA AHORROS SOLES,Miraflores,21/02/2023,5800.42
191-10317-75,C0317,NA,San Isidro,23/04/2022,11441.17
191-10318-26,C0318,NA,La Molina,28/03/2017,10342.83
191-10319-67,C0319,CTA CORRIENTE,Cajamarca,17/11/2020,8841.56
191-10320-22,C0320,CTA CORRIENTE,Surco,06/04/2010,2087.7
191-10321-70,C0321,NA,La Molina,18/06/2020,14224.39
191-10322-29,C0322,CTA AHORROS SOLES,Miraflores,19/08/2019,9819.16
191-10323-44,C0323,CTA AHORROS DOLARES,Cajamarca,30/01/2023,14471.79
191-10324-47,C0324,NA,Cajamarca,07/03/2010,7839.05
191-10325-56,C0325,CTA AHORROS DOLARES,Miraflores,13/04/2014,560.05
191-10326-34,C0326,NA,San Isidro,14/03/2021,2867.39
191-10327-99,C0327,CTA AHORROS DOLARES,Callao,09/03/2020,5419.37
191-10328-73,C0328,CTA CORRIENTE,Miraflores,23/09/2021,4151.39
191-10329-97,C0329,CTA CORRIENTE,Miraflores,22/11/2016,2619.27
191-10330-16,C0330,NA,La Molina,22/01/2016,2717.71
191-10331-89,C0331,CTA AHORROS SOLES,Callao,28/11/2017,7701.63
191-10332-32,C0332,NA,Lince,18/08/2012,3124.2
191-10333-17,C0333,NA,Lince,07/07/2010,11795.96
191-10334-51,C0334,CTA AHORROS SOLES,Surco,09/03/2021,5133.35
191-10335-60,C0335,CTA AHORROS DOLARES,La Molina,06/04/2023,10657.21
191-10336-15,C0336,CTA AHORROS DOLARES,La Molina,25/11/2022,10241.78
191-10337-26,C0337,CTA AHORROS SOLES,Callao,22/05/2013,13526.28
191-10338-22,C0338,CTA CORRIENTE,Surco,17/09/2018,3782.26
191-10339-74,C0339,NA,Miraflores,23/05/2014,9068.5
191-10340-73,C0340,CTA CORRIENTE,Miraflores,09/09/2024,2914.11
191-10341-54,C0341,CTA AHORROS SOLES,Surco,29/11/2023,6141.15
191-10342-64,C0342,CTA AHORROS DOLARES,Surco,27/11/2024,5811.06
191-10343-57,C0343,CTA AHORROS SOLES,Callao,08/02/2016,6663.34
191-10344-55,C0344,CTA AHORROS SOLES,Lince,19/05/2020,2386.26
191-10345-22,C0345,CTA AHORROS DOLARES,La Molina,29/04/2015,13709.48
191-10346-65,C0346,NA,Miraflores,20/12/2020,11865.35
191-10347-97,C0347,CTA AHORROS DOLARES,Lince,23/12/2017,4591.9
191-10348-71,C0348,CTA CORRIENTE,Lince,18/08/2013,794.27
191-10349-10,C0349,NA,Miraflores,05/03/2015,1823.74
191-10350-49,C0350,NA,La Molina,30/08/2014,11916.97
191-10351-20,C0351,CTA AHORROS DOLARES,La Molina,11/08/2014,11746.5
191-10352-56,C0352,NA,Lince,06/12/2013,9951.06
191-10353-20,C0353,CTA AHORROS SOLES,Cajamarca,16/08/2015,3567.77
191-10354-80,C0354,CTA AHORROS SOLES,Miraflores,09/10/2024,2683.97
191-10355-41,C0355,CTA CORRIENTE,San Isidro,25/05/2020,6591.96
191-10356-87,C0356,CTA AHORROS DOLARES,San Isidro,18/01/2010,8667.68
191-10357-41,C0357,NA,La Molina,25/10/2019,8018.37
191-10358-41,C0358,CTA AHORROS SOLES,Callao,09/09/2015,11238.29
191-10359-31,C0359,CTA AHORROS DOLARES,Lince,18/08/2024,14043.95
191-10360-51,C0360,CTA AHORROS DOLARES,San Isidro,03/09/2018,13751.89
191-10361-83,C0361,CTA AHORROS SOLES,Miraflores,30/04/2010,2372.37
191-10362-39,C0362,CTA AHORROS DOLARES,La Molina,28/06/2010,3065.13
191-10363-48,C0363,CTA CORRIENTE,Cajamarca,19/09/2018,11007.8
191-10364-64,C0364,CTA AHORROS DOLARES,Lince,10/06/2012,7667.47
191-10365-76,C0365,CTA AHORROS SOLES,Callao,09/06/2017,7310.82
191-10366-35,C0366,CTA CORRIENTE,Miraflores,22/12/2017,9655.13
191-10367-51,C0367,CTA CORRIENTE,Cajamarca,16/04/2019,5616.39
191-10368-86,C0368,CTA AHORROS DOLARES,Callao,01/11/2018,12954.57
191-10369-34,C0369,CTA AHORROS DOLARES,Lince,06/09/2021,2995.65
191-10370-85,C0370,CTA AHORROS SOLES,Miraflores,19/03/2022,13127.12
191-10371-65,C0371,CTA AHORROS SOLES,Surco,26/06/2012,2875.31
191-10372-29,C0372,CTA CORRIENTE,La Molina,11/10/2013,7513.46
191-10373-62,C0373,CTA AHORROS DOLARES,La Molina,03/04/2018,12306.71
191-10374-64,C0374,NA,Callao,05/12/2024,10606.25
191-10375-60,C0375,NA,Callao,01/02/2022,8170.35
191-10376-19,C0376,NA,Lince,30/07/2016,6014.96
191-10377-73,C0377,CTA AHORROS DOLARES,Cajamarca,24/04/2014,8673.36
191-10378-96,C0378,CTA AHORROS DOLARES,Callao,13/05/2018,10793.02
191-10379-75,C0379,CTA AHORROS DOLARES,Cajamarca,20/11/2022,4189.14
191-10380-55,C0380,NA,Callao,18/09/2018,5601.69
191-10381-72,C0381,NA,Lince,18/08/2014,9811.04
191-10382-61,C0382,CTA AHORROS DOLARES,Surco,26/04/2017,14413.44
191-10383-91,C0383,CTA AHORROS DOLARES,Surco,15/06/2015,3419.12
191-10384-57,C0384,CTA AHORROS SOLES,Lince,11/06/2011,6893.85
191-10385-86,C0385,CTA AHORROS SOLES,La Molina,30/04/2023,4847.02
191-10386-68,C0386,CTA AHORROS SOLES,San Isidro,24/04/2019,1668.86
191-10387-41,C0387,CTA AHORROS DOLARES,Cajamarca,06/01/2017,13113.84
191-10388-88,C0388,NA,La Molina,30/09/2017,771.63
191-10389-52,C0389,CTA CORRIENTE,Miraflores,05/07/2021,2936.81
191-10390-97,C0390,NA,Miraflores,05/10/2018,902.48
191-10391-23,C0391,CTA CORRIENTE,La Molina,13/04/2012,10331.91
191-10392-80,C0392,CTA CORRIENTE,Cajamarca,19/04/2024,13915.84
191-10393-68,C0393,CTA CORRIENTE,Cajamarca,08/11/2010,3685.5
191-10394-32,C0394,CTA CORRIENTE,San Isidro,04/03/2022,6233.17
191-10395-53,C0395,CTA AHORROS DOLARES,La Molina,30/10/2015,9044.17
191-10396-96,C0396,CTA AHORROS DOLARES,Surco,14/03/2012,10005.84
191-10397-50,C0397,CTA AHORROS DOLARES,Miraflores,28/05/2023,4638.29
191-10398-76,C0398,CTA CORRIENTE,Callao,05/03/2016,10416.97
191-10399-61,C0399,NA,Lince,13/12/2016,11389.43
191-10400-99,C0400,CTA CORRIENTE,Cajamarca,03/06/2014,5210.12
191-10401-89,C0401,CTA AHORROS DOLARES,Cajamarca,23/12/2019,590.72
191-10402-46,C0402,NA,Cajamarca,24/12/2012,3362.17
191-10403-36,C0403,CTA CORRIENTE,San Isidro,09/07/2012,3658.92
191-10404-42,C0404,NA,La Molina,22/01/2013,11230.74
191-10405-77,C0405,CTA AHORROS SOLES,Lince,15/10/2018,12413.24
191-10406-53,C0406,CTA AHORROS DOLARES,Callao,07/04/2017,10500.02
191-10407-46,C0407,CTA CORRIENTE,Callao,28/12/2020,2355.74
191-10408-58,C0408,CTA CORRIENTE,Cajamarca,23/04/2021,9401.14
191-10409-60,C0409,NA,Surco,22/01/2020,7246.57
191-10410-96,C0410,NA,Callao,20/03/2018,6947.13
191-10411-98,C0411,NA,La Molina,18/10/2021,6159.45
191-10412-73,C0412,CTA AHORROS DOLARES,Surco,16/09/2021,5223.08
191-10413-50,C0413,CTA CORRIENTE,La Molina,16/11/2020,10307.29
191-10414-37,C0414,CTA CORRIENTE,Cajamarca,23/01/2015,10317.72
191-10415-92,C0415,NA,Callao,16/08/2010,643.47
191-10416-11,C0416,CTA AHORROS SOLES,Surco,06/07/2012,8938.76
191-10417-94,C0417,NA,La Molina,11/10/2011,2252.39
191-10418-11,C0418,CTA AHORROS DOLARES,Callao,04/06/2017,3729.78
191-10419-45,C0419,CTA CORRIENTE,Miraflores,17/07/2019,13436.26
191-10420-49,C0420,CTA CORRIENTE,Cajamarca,16/01/2018,5436.04
191-10421-33,C0421,CTA AHORROS SOLES,La Molina,07/07/2022,10095.66
191-10422-90,C0422,CTA AHORROS SOLES,La Molina,29/04/2023,14629.84
191-10423-36,C0423,CTA AHORROS SOLES,Lince,07/06/2019,8486.65
191-10424-33,C0424,CTA CORRIENTE,Lince,27/04/2019,4265.59
191-10425-29,C0425,CTA CORRIENTE,La Molina,16/05/2013,4947.6
191-10426-87,C0426,NA,Miraflores,22/05/2014,13986.78
191-10427-54,C0427,CTA AHORROS SOLES,La Molina,09/07/2016,2249.41
191-10428-57,C0428,CTA AHORROS SOLES,Cajamarca,24/07/2022,7944.75
191-10429-86,C0429,CTA CORRIENTE,Lince,23/05/2022,13091.16
191-10430-90,C0430,CTA AHORROS DOLARES,San Isidro,23/02/2017,14434.53
191-10431-89,C0431,CTA AHORROS DOLARES,Cajamarca,02/01/2010,7474.92
191-10432-87,C0432,CTA AHORROS SOLES,San Isidro,17/02/2012,3590.91
191-10433-41,C0433,CTA AHORROS SOLES,Surco,30/11/2022,10003.23
191-10434-87,C0434,CTA CORRIENTE,Miraflores,02/03/2020,4023.66
191-10435-42,C0435,CTA AHORROS SOLES,San Isidro,21/12/2013,9785.02
191-10436-54,C0436,CTA AHORROS DOLARES,Surco,04/01/2018,746.25
191-10437-13,C0437,CTA AHORROS SOLES,Miraflores,17/06/2013,11926.5
191-10438-52,C0438,NA,San Isidro,16/09/2018,7245.26
191-10439-37,C0439,NA,Surco,23/01/2021,2844.12
191-10440-58,C0440,CTA AHORROS DOLARES,San Isidro,17/01/2022,5955.95
191-10441-63,C0441,CTA AHORROS SOLES,Lince,25/06/2014,7425.25
191-10442-75,C0442,NA,Surco,09/08/2022,3765.81
191-10443-12,C0443,CTA AHORROS DOLARES,Callao,20/02/2023,8973.04
191-10444-91,C0444,NA,Cajamarca,14/11/2013,971.51
191-10445-34,C0445,CTA AHORROS SOLES,Lince,03/09/2022,14490.32
191-10446-63,C0446,NA,Lince,16/02/2018,7590.59
191-10447-98,C0447,CTA CORRIENTE,La Molina,12/06/2021,8583.94
191-10448-32,C0448,CTA AHORROS DOLARES,Surco,26/09/2010,917.62
191-10449-97,C0449,CTA AHORROS DOLARES,Lince,08/11/2023,13148.24
191-10450-23,C0450,CTA CORRIENTE,San Isidro,08/02/2011,5816.66
191-10451-81,C0451,CTA CORRIENTE,Miraflores,16/04/2016,4303.02
191-10452-30,C0452,NA,La Molina,21/01/2020,7613.86
191-10453-58,C0453,CTA CORRIENTE,La Molina,01/05/2012,1136.73
191-10454-42,C0454,CTA AHORROS SOLES,Lince,21/07/2022,11102.46
191-10455-38,C0455,CTA AHORROS SOLES,Miraflores,30/09/2018,13125.2
191-10456-90,C0456,CTA CORRIENTE,San Isidro,25/09/2020,6717.18
191-10457-85,C0457,CTA CORRIENTE,La Molina,02/06/2022,2396.92
191-10458-65,C0458,NA,Cajamarca,28/06/2019,14044.59
191-10459-76,C0459,NA,Surco,18/02/2019,14684.05
191-10460-92,C0460,CTA CORRIENTE,Miraflores,01/11/2012,9569.65
191-10461-32,C0461,CTA AHORROS SOLES,Surco,30/07/2012,1271.46
191-10462-32,C0462,CTA AHORROS DOLARES,Lince,20/04/2023,5759.67
191-10463-73,C0463,CTA CORRIENTE,La Molina,19/10/2020,7271.49
191-10464-88,C0464,CTA AHORROS DOLARES,La Molina,11/12/2020,10823.55
191-10465-37,C0465,NA,San Isidro,16/05/2010,7062.05
191-10466-29,C0466,CTA CORRIENTE,Callao,15/10/2012,9818.96
191-10467-93,C0467,CTA AHORROS DOLARES,La Molina,21/06/2013,12571.49
191-10468-46,C0468,CTA AHORROS DOLARES,Lince,25/01/2018,4935.81
191-10469-67,C0469,CTA CORRIENTE,La Molina,24/12/2017,2060.57
191-10470-60,C0470,CTA AHORROS SOLES,Miraflores,22/03/2013,14830.64
191-10471-41,C0471,CTA CORRIENTE,Miraflores,26/10/2019,2267.46
191-10472-40,C0472,CTA AHORROS DOLARES,San Isidro,07/12/2016,11012.9
191-10473-58,C0473,CTA AHORROS SOLES,La Molina,09/03/2015,12718.79
191-10474-80,C0474,NA,Lince,21/04/2022,4167.28
191-10475-96,C0475,CTA CORRIENTE,La Molina,18/02/2019,10388.5
191-10476-78,C0476,CTA AHORROS DOLARES,Miraflores,11/09/2021,10519.57
191-10477-76,C0477,CTA AHORROS SOLES,Callao,20/07/2015,6221.37
191-10478-58,C0478,NA,Callao,11/04/2013,1934.8
191-10479-30,C0479,CTA CORRIENTE,Callao,19/01/2014,5456.5
191-10480-16,C0480,NA,Cajamarca,11/12/2022,11502.25
191-10481-26,C0481,CTA AHORROS SOLES,Lince,15/08/2021,4438.77
191-10482-13,C0482,CTA AHORROS DOLARES,Miraflores,19/01/2017,12445.11
191-10483-51,C0483,NA,Cajamarca,25/10/2018,10705.84
191-10484-94,C0484,CTA AHORROS SOLES,Callao,13/09/2014,9471.42
191-10485-56,C0485,CTA CORRIENTE,Lince,16/12/2014,13101.78
191-10486-49,C0486,CTA CORRIENTE,La Molina,21/04/2015,2530.93
191-10487-31,C0487,CTA CORRIENTE,San Isidro,19/06/2022,4939.15
191-10488-38,C0488,CTA AHORROS SOLES,Lince,06/07/2016,5000.68
191-10489-75,C0489,CTA AHORROS SOLES,Miraflores,29/08/2015,10269.46
191-10490-13,C0490,NA,La Molina,31/05/2024,6024.75
191-10491-46,C0491,CTA AHORROS DOLARES,Surco,18/05/2023,10904.42
191-10492-26,C0492,NA,Lince,05/01/2021,8035.91
191-10493-32,C0493,NA,La Molina,16/09/2022,3278.47
191-10494-60,C0494,CTA CORRIENTE,Cajamarca,12/06/2022,10041.93
191-10495-55,C0495,NA,La Molina,23/03/2023,6649.87
191-10496-69,C0496,NA,Lince,11/10/2014,2700.54
191-10497-25,C0497,NA,Miraflores,23/09/2014,5494.3
191-10498-58,C0498,NA,Callao,25/10/2013,4091.05
191-10499-75,C0499,CTA AHORROS DOLARES,Lince,14/05/2020,13469.03
191-10500-60,C0500,CTA CORRIENTE,Cajamarca,17/08/2022,14488.12
191-10501-63,C0501,CTA CORRIENTE,Callao,17/06/2024,9129.37
191-10502-57,C0502,NA,Miraflores,27/06/2017,2936.63
191-10503-98,C0503,CTA CORRIENTE,Cajamarca,13/12/2020,5007.4
191-10504-90,C0504,CTA CORRIENTE,Cajamarca,02/11/2023,3151.06
191-10505-53,C0505,CTA AHORROS DOLARES,San Isidro,08/08/2013,9707.25
191-10506-79,C0506,CTA AHORROS DOLARES,Callao,01/11/2019,8133.51
191-10507-85,C0507,CTA CORRIENTE,Cajamarca,29/11/2019,3812.39
191-10508-79,C0508,CTA AHORROS DOLARES,Lince,22/07/2023,7692.25
191-10509-63,C0509,NA,Surco,01/07/2019,5456.4
191-10510-92,C0510,NA,Miraflores,13/02/2019,2936.27
191-10511-90,C0511,NA,San Isidro,22/03/2015,9829.26
191-10512-71,C0512,CTA CORRIENTE,La Molina,07/07/2010,3851.46
191-10513-98,C0513,CTA CORRIENTE,Cajamarca,11/09/2024,11915.08
191-10514-87,C0514,NA,Lince,30/03/2020,4142.65
191-10515-59,C0515,CTA AHORROS SOLES,Cajamarca,04/12/2023,9751.46
191-10516-96,C0516,CTA CORRIENTE,Miraflores,15/10/2012,2900.98
191-10517-70,C0517,CTA CORRIENTE,San Isidro,08/06/2024,8435.81
191-10518-90,C0518,NA,San Isidro,25/11/2010,12603.28
191-10519-30,C0519,CTA AHORROS DOLARES,Cajamarca,23/02/2019,2733.02
191-10520-95,C0520,NA,Cajamarca,01/03/2013,6253.27
191-10521-72,C0521,CTA CORRIENTE,Callao,25/06/2014,7530.91
191-10522-21,C0522,CTA AHORROS SOLES,La Molina,05/08/2018,6841.23
191-10523-88,C0523,NA,Cajamarca,10/04/2018,7085.71
191-10524-34,C0524,CTA AHORROS SOLES,San Isidro,11/07/2020,866.68
191-10525-49,C0525,NA,La Molina,13/07/2017,14874.92
191-10526-36,C0526,CTA AHORROS DOLARES,Cajamarca,11/02/2018,11429.03
191-10527-79,C0527,CTA AHORROS DOLARES,Surco,05/07/2015,3473.78
191-10528-82,C0528,NA,La Molina,09/11/2018,4964.21
191-10529-83,C0529,CTA AHORROS DOLARES,Cajamarca,24/10/2015,14602.74
191-10530-20,C0530,CTA AHORROS DOLARES,Miraflores,14/10/2024,9415.13
191-10531-12,C0531,CTA CORRIENTE,San Isidro,05/10/2012,6528.46
191-10532-74,C0532,CTA AHORROS SOLES,Miraflores,04/12/2024,7559.7
191-10533-65,C0533,CTA AHORROS SOLES,Callao,19/09/2015,14359.36
191-10534-33,C0534,CTA CORRIENTE,Callao,07/01/2014,5687.01
191-10535-17,C0535,NA,Cajamarca,01/10/2013,6675.26
191-10536-24,C0536,NA,La Molina,09/09/2011,10814.63
191-10537-31,C0537,CTA CORRIENTE,San Isidro,05/03/2011,10469.36
191-10538-69,C0538,CTA AHORROS DOLARES,Miraflores,08/08/2010,12391.47
191-10539-56,C0539,CTA CORRIENTE,La Molina,04/01/2018,12993.51
191-10540-37,C0540,CTA AHORROS SOLES,Lince,14/10/2019,13679.83
191-10541-27,C0541,NA,Lince,29/08/2024,855.21
191-10542-30,C0542,CTA AHORROS SOLES,San Isidro,09/03/2017,1324.06
191-10543-27,C0543,CTA AHORROS SOLES,Surco,06/08/2012,3068.66
191-10544-83,C0544,CTA CORRIENTE,Lince,03/10/2024,5491.18
191-10545-50,C0545,CTA AHORROS DOLARES,Miraflores,16/10/2023,5702.96
191-10546-92,C0546,CTA AHORROS SOLES,La Molina,09/06/2022,731.25
191-10547-88,C0547,CTA CORRIENTE,La Molina,20/08/2017,4926.1
191-10548-55,C0548,NA,San Isidro,22/11/2015,3891.88
191-10549-28,C0549,CTA CORRIENTE,Lince,09/09/2023,7360.0
191-10550-19,C0550,CTA AHORROS DOLARES,Callao,24/08/2010,5726.88
191-10551-15,C0551,CTA CORRIENTE,Lince,28/08/2015,8055.73
191-10552-17,C0552,CTA AHORROS SOLES,Lince,22/05/2012,2676.71
191-10553-56,C0553,CTA AHORROS DOLARES,Cajamarca,03/05/2013,9081.7
191-10554-63,C0554,CTA AHORROS DOLARES,Callao,09/01/2021,9843.59
191-10555-42,C0555,CTA CORRIENTE,San Isidro,22/12/2016,9476.68
191-10556-27,C0556,NA,Lince,25/12/2023,5958.35
191-10557-21,C0557,NA,Surco,14/12/2023,7694.54
191-10558-40,C0558,CTA AHORROS DOLARES,San Isidro,20/01/2021,6367.26
191-10559-46,C0559,CTA AHORROS SOLES,Cajamarca,26/01/2019,2839.05
191-10560-49,C0560,CTA AHORROS DOLARES,Cajamarca,30/04/2018,4861.87
191-10561-84,C0561,CTA AHORROS SOLES,La Molina,23/09/2020,2389.83
191-10562-32,C0562,CTA AHORROS SOLES,Miraflores,15/04/2013,7819.88
191-10563-38,C0563,CTA AHORROS DOLARES,Lince,11/08/2023,14992.01
191-10564-50,C0564,CTA AHORROS DOLARES,San Isidro,27/06/2012,7121.45
191-10565-55,C0565,CTA AHORROS DOLARES,Surco,13/05/2020,9941.79
191-10566-70,C0566,CTA AHORROS SOLES,Callao,02/10/2011,7651.82
191-10567-60,C0567,CTA AHORROS DOLARES,Callao,04/11/2013,3123.54
191-10568-91,C0568,NA,Lince,22/08/2012,9422.6
191-10569-96,C0569,CTA AHORROS SOLES,Callao,11/11/2012,7953.57
191-10570-33,C0570,CTA CORRIENTE,Surco,30/11/2018,5652.78
191-10571-70,C0571,CTA AHORROS DOLARES,San Isidro,07/08/2021,658.08
191-10572-27,C0572,NA,San Isidro,04/02/2022,7605.48
191-10573-16,C0573,NA,La Molina,02/02/2020,9580.88
191-10574-83,C0574,NA,Miraflores,05/04/2020,7997.07
191-10575-81,C0575,CTA AHORROS SOLES,Miraflores,18/06/2015,6653.32
191-10576-48,C0576,CTA CORRIENTE,Surco,10/05/2017,13045.71
191-10577-24,C0577,CTA AHORROS DOLARES,Cajamarca,17/06/2023,14105.14
191-10578-90,C0578,NA,Miraflores,08/05/2014,3578.66
191-10579-47,C0579,CTA AHORROS SOLES,Lince,04/03/2024,11711.72
191-10580-90,C0580,CTA CORRIENTE,Surco,20/09/2013,5963.71
191-10581-37,C0581,CTA AHORROS SOLES,La Molina,17/06/2011,13446.24
191-10582-55,C0582,NA,Cajamarca,06/05/2021,14020.45
191-10583-42,C0583,NA,San Isidro,18/11/2011,10149.65
191-10584-22,C0584,NA,San Isidro,02/04/2017,11074.22
191-10585-70,C0585,CTA AHORROS DOLARES,Lince,21/06/2018,935.41
191-10586-96,C0586,NA,Callao,09/04/2013,7360.17
191-10587-71,C0587,CTA AHORROS SOLES,Miraflores,13/09/2024,14764.08
191-10588-52,C0588,NA,Cajamarca,19/06/2016,7985.52
191-10589-44,C0589,CTA AHORROS SOLES,Lince,15/03/2016,1061.99
191-10590-85,C0590,NA,Cajamarca,09/08/2022,9272.73
191-10591-39,C0591,CTA AHORROS DOLARES,Miraflores,31/05/2018,4241.28
191-10592-32,C0592,NA,Miraflores,01/06/2015,9916.99
191-10593-31,C0593,CTA AHORROS SOLES,Callao,27/01/2024,4408.69
191-10594-60,C0594,CTA CORRIENTE,Surco,17/05/2017,7563.42
191-10595-98,C0595,CTA CORRIENTE,Surco,15/05/2014,6855.9
191-10596-45,C0596,NA,Miraflores,10/07/2010,12067.45
191-10597-90,C0597,CTA CORRIENTE,Surco,12/10/2024,11585.89
191-10598-21,C0598,CTA AHORROS DOLARES,San Isidro,03/08/2019,13868.88
191-10599-97,C0599,CTA CORRIENTE,Surco,11/05/2013,4295.68
191-10600-79,C0600,CTA AHORROS SOLES,Miraflores,08/03/2018,1844.35
191-10601-94,C0601,CTA AHORROS SOLES,San Isidro,24/12/2013,1840.15
191-10602-33,C0602,NA,La Molina,25/01/2017,7619.65
191-10603-72,C0603,CTA AHORROS DOLARES,Surco,13/04/2019,6187.55
191-10604-33,C0604,CTA AHORROS SOLES,Callao,14/09/2021,2356.57
191-10605-77,C0605,CTA AHORROS DOLARES,Lince,30/06/2018,6375.6
191-10606-87,C0606,CTA CORRIENTE,Lince,26/01/2016,13609.85
191-10607-66,C0607,CTA CORRIENTE,Surco,30/03/2023,6392.19
191-10608-92,C0608,CTA CORRIENTE,Callao,16/04/2014,13087.53
191-10609-80,C0609,CTA CORRIENTE,Cajamarca,28/03/2020,3898.9
191-10610-30,C0610,CTA AHORROS DOLARES,San Isidro,01/02/2022,12541.62
191-10611-33,C0611,CTA AHORROS SOLES,Cajamarca,10/10/2024,2390.58
191-10612-76,C0612,NA,Miraflores,23/12/2018,1676.64
191-10613-69,C0613,CTA AHORROS DOLARES,Cajamarca,10/08/2015,3664.38
191-10614-43,C0614,NA,Cajamarca,22/11/2021,6969.97
191-10615-84,C0615,NA,Callao,02/01/2017,7242.54
191-10616-64,C0616,CTA CORRIENTE,Lince,22/03/2024,12647.49
191-10617-57,C0617,CTA CORRIENTE,Miraflores,27/12/2016,9925.68
191-10618-40,C0618,CTA CORRIENTE,San Isidro,09/02/2015,10256.78
191-10619-28,C0619,CTA CORRIENTE,Miraflores,13/08/2013,4516.62
191-10620-91,C0620,CTA AHORROS DOLARES,Miraflores,10/05/2013,2347.16
191-10621-96,C0621,CTA CORRIENTE,Lince,15/04/2024,9809.63
191-10622-95,C0622,NA,Cajamarca,19/12/2019,4559.69
191-10623-40,C0623,CTA CORRIENTE,Callao,31/07/2023,858.88
191-10624-83,C0624,CTA AHORROS SOLES,Callao,27/11/2023,672.58
191-10625-81,C0625,CTA AHORROS DOLARES,Cajamarca,24/09/2010,5251.21
191-10626-91,C0626,CTA CORRIENTE,La Molina,13/10/2023,13664.53
191-10627-70,C0627,CTA CORRIENTE,San Isidro,02/06/2022,8181.51
191-10628-53,C0628,CTA CORRIENTE,Callao,14/02/2024,11762.98
191-10629-70,C0629,CTA AHORROS SOLES,Surco,13/10/2014,6442.43
191-10630-81,C0630,NA,La Molina,19/10/2019,14471.75
191-10631-91,C0631,CTA AHORROS SOLES,Lince,03/08/2020,14537.54
191-10632-38,C0632,NA,La Molina,31/03/2013,5924.63
191-10633-33,C0633,CTA AHORROS SOLES,Cajamarca,25/08/2017,2980.04
191-10634-57,C0634,CTA AHORROS DOLARES,La Molina,15/11/2021,14045.67
191-10635-34,C0635,CTA AHORROS DOLARES,Surco,12/09/2019,10948.04
191-10636-30,C0636,NA,Lince,27/08/2023,2329.06
191-10637-33,C0637,CTA AHORROS DOLARES,Surco,09/06/2014,1659.52
191-10638-37,C0638,CTA AHORROS DOLARES,Callao,19/11/2020,10679.73
191-10639-51,C0639,CTA CORRIENTE,San Isidro,07/03/2022,10425.19
191-10640-13,C0640,CTA AHORROS DOLARES,Miraflores,15/01/2019,4130.63
191-10641-67,C0641,CTA AHORROS DOLARES,Lince,01/06/2018,1944.14
191-10642-71,C0642,NA,Surco,17/12/2014,12981.99
191-10643-59,C0643,CTA AHORROS DOLARES,Callao,18/12/2010,13495.39
191-10644-75,C0644,CTA AHORROS DOLARES,Cajamarca,15/01/2011,10838.93
191-10645-82,C0645,CTA AHORROS SOLES,La Molina,10/12/2012,12198.06
191-10646-89,C0646,CTA CORRIENTE,Lince,25/11/2023,5744.91
191-10647-73,C0647,CTA AHORROS DOLARES,La Molina,09/01/2020,14679.4
191-10648-96,C0648,CTA AHORROS DOLARES,La Molina,05/10/2021,1787.84
191-10649-79,C0649,CTA AHORROS DOLARES,Lince,22/11/2014,8640.99
191-10650-96,C0650,CTA AHORROS DOLARES,Surco,11/11/2010,8039.11
191-10651-66,C0651,CTA AHORROS SOLES,Miraflores,24/01/2018,9197.67
191-10652-27,C0652,CTA CORRIENTE,Surco,10/10/2024,10917.93
191-10653-55,C0653,CTA CORRIENTE,Cajamarca,20/08/2021,11348.58
191-10654-38,C0654,CTA AHORROS SOLES,Miraflores,21/08/2019,514.58
191-10655-58,C0655,CTA AHORROS DOLARES,Lince,01/11/2024,9060.05
191-10656-26,C0656,CTA AHORROS DOLARES,Miraflores,16/03/2018,5415.49
191-10657-71,C0657,NA,San Isidro,27/08/2014,14742.96
191-10658-67,C0658,NA,Miraflores,12/02/2019,9432.29
191-10659-81,C0659,NA,Lince,02/12/2017,5451.75
191-10660-88,C0660,CTA CORRIENTE,Lince,16/03/2013,3673.33
191-10661-18,C0661,CTA AHORROS SOLES,Lince,02/06/2020,6446.51
191-10662-23,C0662,CTA AHORROS SOLES,San Isidro,16/07/2018,11622.51
191-10663-24,C0663,CTA AHORROS SOLES,Lince,15/01/2017,2795.44
191-10664-36,C0664,CTA CORRIENTE,Lince,24/03/2012,5341.65
191-10665-27,C0665,CTA CORRIENTE,Miraflores,12/07/2017,3151.21
191-10666-23,C0666,NA,Cajamarca,27/04/2020,14754.69
191-10667-53,C0667,CTA AHORROS DOLARES,Callao,20/07/2023,10267.64
191-10668-33,C0668,CTA CORRIENTE,Surco,13/02/2018,14637.79
191-10669-63,C0669,CTA CORRIENTE,Miraflores,25/09/2014,5172.14
191-10670-53,C0670,NA,Callao,09/11/2011,3040.64
191-10671-98,C0671,NA,Callao,26/09/2020,1390.8
191-10672-97,C0672,NA,San Isidro,22/11/2012,14750.5
191-10673-23,C0673,CTA CORRIENTE,San Isidro,30/10/2013,11377.06
191-10674-31,C0674,CTA AHORROS SOLES,Surco,15/11/2015,2065.76
191-10675-14,C0675,CTA CORRIENTE,La Molina,28/03/2014,5789.72
191-10676-33,C0676,CTA AHORROS SOLES,San Isidro,14/09/2017,12405.55
191-10677-99,C0677,CTA AHORROS SOLES,San Isidro,08/05/2011,8805.24
191-10678-62,C0678,CTA AHORROS SOLES,San Isidro,02/05/2023,12298.24
191-10679-69,C0679,CTA AHORROS DOLARES,San Isidro,08/01/2010,5295.81
191-10680-81,C0680,NA,Surco,07/06/2023,1292.51
191-10681-69,C0681,NA,Lince,04/05/2010,8909.77
191-10682-65,C0682,NA,Lince,23/01/2018,3168.9
191-10683-10,C0683,NA,Miraflores,10/08/2021,4516.72
191-10684-26,C0684,NA,La Molina,28/11/2015,11517.71
191-10685-71,C0685,CTA AHORROS SOLES,Lince,05/02/2019,13103.47
191-10686-22,C0686,CTA CORRIENTE,Surco,09/10/2021,12297.93
191-10687-34,C0687,CTA AHORROS DOLARES,Cajamarca,19/10/2015,1559.62
191-10688-89,C0688,CTA AHORROS SOLES,Callao,11/08/2020,1773.34
191-10689-35,C0689,CTA CORRIENTE,Callao,13/12/2024,5449.49
191-10690-78,C0690,CTA AHORROS SOLES,Lince,20/08/2016,12858.05
191-10691-83,C0691,NA,Surco,26/03/2022,10168.42
191-10692-92,C0692,CTA AHORROS DOLARES,La Molina,10/01/2012,12421.61
191-10693-55,C0693,CTA AHORROS DOLARES,La Molina,18/05/2014,4902.7
191-10694-97,C0694,NA,Miraflores,31/10/2021,10418.84
191-10695-56,C0695,CTA AHORROS DOLARES,La Molina,20/10/2014,14390.32
191-10696-97,C0696,CTA AHORROS DOLARES,Callao,12/08/2015,9677.47
191-10697-98,C0697,CTA AHORROS DOLARES,Cajamarca,28/04/2016,7392.58
191-10698-16,C0698,CTA AHORROS DOLARES,Cajamarca,05/01/2023,7235.06
191-10699-97,C0699,NA,Cajamarca,03/03/2018,9299.53
191-10700-67,C0700,CTA AHORROS SOLES,Miraflores,07/10/2018,6488.14
191-10701-76,C0701,CTA AHORROS DOLARES,Surco,12/05/2021,6702.42
191-10702-59,C0702,NA,Lince,11/07/2017,8142.56
191-10703-20,C0703,CTA CORRIENTE,Cajamarca,08/11/2010,6008.29
191-10704-18,C0704,CTA AHORROS SOLES,San Isidro,20/11/2023,9911.03
191-10705-47,C0705,CTA AHORROS SOLES,Lince,12/08/2016,14609.55
191-10706-13,C0706,CTA CORRIENTE,San Isidro,09/06/2016,13249.97
191-10707-10,C0707,CTA AHORROS SOLES,Callao,30/11/2010,2723.04
191-10708-26,C0708,CTA AHORROS DOLARES,San Isidro,11/07/2013,2432.46
191-10709-52,C0709,NA,Cajamarca,16/11/2013,4952.3
191-10710-27,C0710,CTA CORRIENTE,La Molina,26/11/2022,7159.79
191-10711-99,C0711,CTA CORRIENTE,San Isidro,14/07/2016,9731.17
191-10712-96,C0712,NA,Cajamarca,28/10/2019,14419.46
191-10713-44,C0713,CTA AHORROS SOLES,La Molina,09/08/2015,6558.31
191-10714-50,C0714,CTA CORRIENTE,San Isidro,15/07/2019,4594.58
191-10715-84,C0715,CTA AHORROS DOLARES,Cajamarca,08/09/2015,5153.98
191-10716-37,C0716,CTA CORRIENTE,Cajamarca,12/08/2015,2278.95
191-10717-99,C0717,CTA CORRIENTE,Callao,15/06/2018,9678.81
191-10718-61,C0718,NA,Miraflores,06/12/2015,5031.86
191-10719-50,C0719,CTA AHORROS SOLES,Lince,05/02/2012,1837.53
191-10720-71,C0720,CTA CORRIENTE,San Isidro,24/12/2014,6747.98
191-10721-40,C0721,CTA AHORROS SOLES,San Isidro,19/01/2018,9711.96
191-10722-14,C0722,NA,San Isidro,22/03/2010,13948.2
191-10723-84,C0723,NA,Lince,29/03/2010,2061.47
191-10724-60,C0724,CTA AHORROS SOLES,Lince,19/03/2018,5716.94
191-10725-39,C0725,CTA AHORROS DOLARES,Lince,15/11/2011,508.0
191-10726-74,C0726,CTA AHORROS DOLARES,San Isidro,30/08/2013,2245.4
191-10727-83,C0727,CTA AHORROS SOLES,La Molina,30/09/2014,2626.5
191-10728-76,C0728,NA,Cajamarca,13/05/2011,12155.36
191-10729-28,C0729,CTA CORRIENTE,Surco,14/08/2010,2349.49
191-10730-76,C0730,CTA AHORROS DOLARES,La Molina,24/01/2023,3942.68
191-10731-22,C0731,CTA AHORROS SOLES,Miraflores,11/04/2018,800.99
191-10732-37,C0732,CTA CORRIENTE,Lince,29/10/2010,9775.57
191-10733-61,C0733,CTA CORRIENTE,Surco,29/07/2021,11595.51
191-10734-35,C0734,CTA CORRIENTE,San Isidro,17/08/2023,3687.77
191-10735-30,C0735,CTA AHORROS SOLES,La Molina,15/03/2011,9794.07
191-10736-67,C0736,CTA AHORROS SOLES,La Molina,04/07/2010,8797.29
191-10737-43,C0737,CTA AHORROS SOLES,Lince,06/07/2018,4141.24
191-10738-51,C0738,CTA CORRIENTE,Cajamarca,19/02/2024,1352.95
191-10739-90,C0739,NA,Miraflores,23/09/2014,685.16
191-10740-38,C0740,CTA AHORROS SOLES,La Molina,28/08/2014,4985.66
191-10741-71,C0741,CTA AHORROS SOLES,Miraflores,18/12/2020,3182.55
191-10742-43,C0742,CTA CORRIENTE,Lince,28/03/2021,6574.38
191-10743-92,C0743,NA,San Isidro,19/06/2018,2089.32
191-10744-48,C0744,NA,San Isidro,01/02/2021,10977.14
191-10745-86,C0745,NA,Miraflores,30/12/2015,2853.62
191-10746-99,C0746,CTA CORRIENTE,La Molina,10/07/2017,12220.54
191-10747-16,C0747,NA,Callao,07/06/2021,7428.47
191-10748-80,C0748,CTA AHORROS DOLARES,Miraflores,31/05/2019,8270.67
191-10749-60,C0749,NA,Callao,18/05/2020,14997.8
191-10750-90,C0750,CTA AHORROS DOLARES,Callao,22/06/2014,639.57
191-10751-29,C0751,CTA AHORROS DOLARES,Surco,06/02/2020,1990.97
191-10752-98,C0752,CTA CORRIENTE,Miraflores,05/01/2022,8588.88
191-10753-47,C0753,CTA AHORROS SOLES,Surco,19/01/2024,1651.43
191-10754-36,C0754,NA,Callao,13/09/2024,11138.52
191-10755-19,C0755,CTA AHORROS DOLARES,Lince,25/08/2019,2636.54
191-10756-91,C0756,NA,Cajamarca,27/02/2021,5119.27
191-10757-96,C0757,CTA CORRIENTE,Lince,27/08/2013,1481.94
191-10758-41,C0758,CTA AHORROS DOLARES,Miraflores,17/09/2019,6422.03
191-10759-39,C0759,CTA AHORROS SOLES,Miraflores,18/04/2024,6717.93
191-10760-48,C0760,CTA AHORROS SOLES,San Isidro,18/03/2016,12684.54
191-10761-44,C0761,CTA AHORROS DOLARES,Lince,09/07/2013,12218.51
191-10762-90,C0762,CTA CORRIENTE,Surco,13/02/2022,10137.44
191-10763-50,C0763,CTA CORRIENTE,San Isidro,30/01/2018,5816.18
191-10764-49,C0764,CTA CORRIENTE,Cajamarca,19/05/2010,2960.43
191-10765-87,C0765,CTA AHORROS DOLARES,Callao,25/06/2015,11724.8
191-10766-89,C0766,NA,San Isidro,04/02/2012,7902.19
191-10767-24,C0767,CTA AHORROS DOLARES,Cajamarca,16/02/2020,7905.68
191-10768-22,C0768,CTA AHORROS DOLARES,San Isidro,23/03/2011,14033.05
191-10769-56,C0769,CTA AHORROS DOLARES,La Molina,06/08/2017,10986.64
191-10770-97,C0770,NA,Cajamarca,06/01/2017,5426.41
191-10771-87,C0771,CTA CORRIENTE,La Molina,02/11/2010,4092.62
191-10772-14,C0772,CTA CORRIENTE,San Isidro,10/07/2021,10889.87
191-10773-61,C0773,CTA AHORROS DOLARES,San Isidro,08/05/2021,10281.12
191-10774-97,C0774,CTA AHORROS DOLARES,Callao,25/02/2020,2785.46
191-10775-82,C0775,CTA AHORROS SOLES,Miraflores,28/05/2019,9339.7
191-10776-54,C0776,CTA CORRIENTE,La Molina,02/06/2023,1833.74
191-10777-96,C0777,CTA AHORROS DOLARES,Lince,17/09/2014,13984.22
191-10778-63,C0778,CTA AHORROS SOLES,Lince,19/08/2017,1972.29
191-10779-13,C0779,CTA AHORROS DOLARES,La Molina,29/09/2019,13571.4
191-10780-16,C0780,NA,Surco,28/05/2014,2825.13
191-10781-33,C0781,CTA AHORROS SOLES,Surco,09/07/2022,10627.96
191-10782-20,C0782,CTA AHORROS SOLES,Surco,21/12/2022,11831.56
191-10783-34,C0783,CTA AHORROS DOLARES,San Isidro,22/02/2010,5675.33
191-10784-22,C0784,CTA AHORROS DOLARES,Miraflores,19/07/2022,5870.81
191-10785-51,C0785,CTA AHORROS SOLES,Lince,01/12/2019,10855.09
191-10786-47,C0786,CTA CORRIENTE,Miraflores,20/04/2011,14267.03
191-10787-47,C0787,CTA AHORROS SOLES,Miraflores,30/12/2017,5978.46
191-10788-51,C0788,CTA CORRIENTE,San Isidro,03/06/2010,11499.51
191-10789-38,C0789,CTA CORRIENTE,Surco,20/09/2013,12749.76
191-10790-81,C0790,CTA AHORROS DOLARES,Miraflores,20/04/2017,13703.34
191-10791-38,C0791,CTA AHORROS SOLES,Surco,21/09/2023,1777.51
191-10792-63,C0792,CTA CORRIENTE,Callao,12/07/2021,6828.6
191-10793-73,C0793,CTA AHORROS DOLARES,Lince,21/06/2022,3619.73
191-10794-50,C0794,CTA AHORROS DOLARES,Cajamarca,28/01/2024,8658.03
191-10795-89,C0795,CTA AHORROS DOLARES,Callao,27/11/2013,13839.18
191-10796-80,C0796,CTA AHORROS SOLES,Lince,07/08/2010,10260.56
191-10797-74,C0797,NA,Surco,10/12/2019,8232.21
191-10798-56,C0798,CTA AHORROS SOLES,La Molina,31/08/2020,8062.35
191-10799-82,C0799,CTA AHORROS DOLARES,Lince,23/12/2012,7631.74
191-10800-55,C0800,CTA AHORROS SOLES,Callao,25/02/2022,5911.23
191-10801-93,C0801,CTA CORRIENTE,San Isidro,02/10/2018,1009.71
191-10802-37,C0802,CTA AHORROS DOLARES,Callao,28/01/2015,1910.69
191-10803-55,C0803,CTA AHORROS SOLES,Lince,11/06/2012,4321.99
191-10804-72,C0804,CTA AHORROS SOLES,Lince,24/05/2022,13929.39
191-10805-58,C0805,CTA CORRIENTE,La Molina,28/12/2017,3088.67
191-10806-18,C0806,CTA AHORROS DOLARES,Miraflores,29/12/2013,1175.24
191-10807-70,C0807,CTA CORRIENTE,La Molina,11/07/2014,13149.25
191-10808-36,C0808,CTA AHORROS SOLES,San Isidro,08/04/2018,4886.45
191-10809-32,C0809,CTA AHORROS DOLARES,Callao,19/12/2022,3327.25
191-10810-73,C0810,CTA CORRIENTE,Callao,07/08/2018,7819.95
191-10811-14,C0811,NA,San Isidro,21/03/2011,5101.2
191-10812-29,C0812,CTA CORRIENTE,San Isidro,25/02/2017,14122.4
191-10813-65,C0813,CTA CORRIENTE,La Molina,03/02/2015,11065.91
191-10814-62,C0814,CTA CORRIENTE,Surco,01/07/2022,7059.08
191-10815-81,C0815,CTA CORRIENTE,Miraflores,27/03/2023,11130.92
191-10816-62,C0816,CTA AHORROS DOLARES,La Molina,28/11/2020,7919.7
191-10817-15,C0817,CTA AHORROS SOLES,San Isidro,25/03/2013,7797.48
191-10818-88,C0818,CTA CORRIENTE,Surco,12/12/2024,3119.57
191-10819-85,C0819,CTA AHORROS SOLES,Surco,23/02/2013,13354.08
191-10820-19,C0820,CTA AHORROS SOLES,Surco,02/12/2019,13292.62
191-10821-16,C0821,CTA AHORROS DOLARES,Cajamarca,03/09/2013,12134.13
191-10822-34,C0822,CTA AHORROS DOLARES,La Molina,16/11/2022,6843.89
191-10823-70,C0823,NA,San Isidro,18/03/2021,2622.54
191-10824-26,C0824,CTA AHORROS SOLES,San Isidro,26/07/2022,1573.42
191-10825-15,C0825,NA,La Molina,30/03/2012,3933.25
191-10826-87,C0826,NA,Surco,18/09/2011,8386.83
191-10827-22,C0827,CTA AHORROS DOLARES,Lince,17/11/2017,750.4
191-10828-26,C0828,NA,La Molina,03/07/2023,11638.01
191-10829-33,C0829,CTA CORRIENTE,San Isidro,20/07/2014,12623.33
191-10830-71,C0830,NA,Lince,20/10/2016,13107.45
191-10831-43,C0831,CTA AHORROS SOLES,Callao,13/03/2020,4092.56
191-10832-53,C0832,CTA AHORROS DOLARES,Callao,07/05/2015,5248.96
191-10833-64,C0833,CTA CORRIENTE,La Molina,06/06/2014,6425.0
191-10834-84,C0834,NA,Callao,04/05/2020,11319.16
191-10835-53,C0835,CTA AHORROS DOLARES,Lince,15/01/2022,7738.53
191-10836-67,C0836,NA,La Molina,25/09/2019,11965.89
191-10837-28,C0837,CTA CORRIENTE,Cajamarca,27/06/2018,9899.34
191-10838-11,C0838,CTA AHORROS SOLES,Lince,28/07/2014,5222.91
191-10839-60,C0839,CTA AHORROS DOLARES,Miraflores,20/09/2013,11855.96
191-10840-93,C0840,CTA CORRIENTE,Surco,23/03/2020,3858.03
191-10841-53,C0841,NA,Lince,01/07/2018,3231.88
191-10842-47,C0842,CTA AHORROS SOLES,Miraflores,07/11/2016,10619.76
191-10843-30,C0843,CTA CORRIENTE,La Molina,14/02/2013,2871.38
191-10844-65,C0844,CTA CORRIENTE,Surco,26/05/2013,2290.21
191-10845-74,C0845,CTA AHORROS SOLES,La Molina,28/07/2016,8320.17
191-10846-73,C0846,CTA CORRIENTE,Cajamarca,05/06/2021,7215.86
191-10847-39,C0847,CTA AHORROS DOLARES,Lince,22/09/2022,13527.47
191-10848-74,C0848,CTA CORRIENTE,La Molina,20/05/2020,965.52
191-10849-16,C0849,CTA AHORROS DOLARES,Miraflores,21/07/2013,1744.77
191-10850-40,C0850,CTA AHORROS DOLARES,Lince,03/06/2015,12033.3
191-10851-17,C0851,CTA AHORROS DOLARES,Miraflores,10/02/2021,14247.51
191-10852-80,C0852,NA,Miraflores,25/12/2014,12129.41
191-10853-43,C0853,NA,Miraflores,03/08/2019,5969.3
191-10854-62,C0854,CTA AHORROS DOLARES,Cajamarca,11/02/2015,861.36
191-10855-56,C0855,CTA AHORROS DOLARES,Miraflores,27/05/2015,10404.75
191-10856-29,C0856,CTA CORRIENTE,San Isidro,05/01/2018,1378.39
191-10857-49,C0857,CTA AHORROS SOLES,La Molina,16/02/2012,8161.84
191-10858-52,C0858,CTA CORRIENTE,Cajamarca,29/04/2017,3645.7
191-10859-75,C0859,CTA AHORROS SOLES,Cajamarca,05/03/2011,12204.25
191-10860-38,C0860,CTA AHORROS DOLARES,Lince,05/09/2018,8879.88
191-10861-51,C0861,CTA AHORROS DOLARES,San Isidro,27/01/2023,5418.41
191-10862-71,C0862,CTA CORRIENTE,Surco,23/08/2011,7953.23
191-10863-18,C0863,CTA AHORROS DOLARES,Surco,19/07/2010,7657.08
191-10864-56,C0864,NA,San Isidro,09/09/2015,8058.79
191-10865-53,C0865,CTA AHORROS SOLES,Cajamarca,02/08/2019,9495.87
191-10866-51,C0866,CTA CORRIENTE,Miraflores,28/12/2020,12666.46
191-10867-48,C0867,NA,Lince,29/12/2020,8577.7
191-10868-80,C0868,NA,Cajamarca,17/09/2014,11728.54
191-10869-47,C0869,CTA AHORROS DOLARES,Surco,01/10/2012,8051.35
191-10870-84,C0870,CTA AHORROS SOLES,Surco,15/03/2022,14360.89
191-10871-11,C0871,CTA AHORROS DOLARES,Callao,23/08/2021,2960.7
191-10872-92,C0872,NA,Lince,12/03/2013,14130.6
191-10873-72,C0873,CTA AHORROS DOLARES,Surco,12/05/2010,14602.1
191-10874-44,C0874,NA,San Isidro,21/01/2015,7035.65
191-10875-47,C0875,CTA AHORROS SOLES,Miraflores,04/03/2019,6961.9
191-10876-49,C0876,CTA AHORROS SOLES,Miraflores,17/08/2015,13177.25
191-10877-44,C0877,CTA CORRIENTE,Cajamarca,19/04/2012,3833.99
191-10878-10,C0878,CTA AHORROS DOLARES,Surco,17/01/2014,7596.39
191-10879-33,C0879,CTA CORRIENTE,Cajamarca,24/08/2019,14312.56
191-10880-29,C0880,NA,Cajamarca,17/02/2011,7408.79
191-10881-37,C0881,CTA CORRIENTE,Miraflores,13/03/2010,13791.88
191-10882-42,C0882,CTA AHORROS SOLES,La Molina,22/09/2016,3290.61
191-10883-21,C0883,NA,La Molina,29/06/2019,10999.92
191-10884-67,C0884,CTA CORRIENTE,Surco,11/08/2017,7921.78
191-10885-19,C0885,CTA CORRIENTE,Cajamarca,29/03/2014,3927.8
191-10886-47,C0886,CTA AHORROS SOLES,Surco,26/09/2021,12142.13
191-10887-98,C0887,NA,Miraflores,08/09/2024,12870.96
191-10888-32,C0888,NA,Miraflores,03/09/2015,7363.89
191-10889-57,C0889,CTA AHORROS DOLARES,San Isidro,20/08/2020,10000.49
191-10890-27,C0890,CTA AHORROS DOLARES,Callao,30/10/2010,8643.27
191-10891-51,C0891,CTA AHORROS DOLARES,Surco,12/11/2023,13267.87
191-10892-88,C0892,CTA CORRIENTE,Lince,06/02/2010,6416.6
191-10893-57,C0893,CTA AHORROS SOLES,San Isidro,19/06/2011,2114.53
191-10894-42,C0894,CTA AHORROS SOLES,Callao,15/01/2012,8549.54
191-10895-20,C0895,CTA AHORROS DOLARES,Lince,20/02/2019,1642.53
191-10896-97,C0896,CTA AHORROS SOLES,San Isidro,17/04/2010,9916.27
191-10897-85,C0897,CTA CORRIENTE,Cajamarca,20/08/2012,5793.58
191-10898-10,C0898,CTA AHORROS DOLARES,San Isidro,21/01/2017,1774.33
191-10899-14,C0899,CTA CORRIENTE,Surco,28/12/2010,12436.31
191-10900-49,C0900,CTA CORRIENTE,Miraflores,22/04/2017,11440.86
191-10901-86,C0901,CTA CORRIENTE,Cajamarca,22/07/2022,2194.64
191-10902-18,C0902,NA,San Isidro,06/08/2016,5038.09
191-10903-87,C0903,CTA AHORROS DOLARES,San Isidro,20/06/2011,13534.7
191-10904-50,C0904,CTA CORRIENTE,Callao,18/05/2010,13956.91
191-10905-72,C0905,NA,Miraflores,23/02/2021,14210.89
191-10906-10,C0906,CTA AHORROS SOLES,Cajamarca,21/06/2014,8534.83
191-10907-73,C0907,CTA AHORROS DOLARES,San Isidro,30/05/2013,14521.6
191-10908-22,C0908,CTA CORRIENTE,La Molina,29/11/2024,14294.64
191-10909-60,C0909,CTA AHORROS SOLES,Miraflores,14/04/2020,950.07
191-10910-21,C0910,CTA AHORROS DOLARES,Lince,13/08/2021,13679.02
191-10911-56,C0911,NA,Miraflores,08/10/2011,8773.62
191-10912-29,C0912,CTA AHORROS SOLES,Callao,15/03/2010,1244.75
191-10913-45,C0913,CTA AHORROS DOLARES,Cajamarca,28/10/2015,7762.95
191-10914-78,C0914,CTA AHORROS DOLARES,Cajamarca,26/09/2017,3556.06
191-10915-63,C0915,CTA AHORROS DOLARES,San Isidro,24/09/2017,9584.37
191-10916-87,C0916,CTA CORRIENTE,Lince,19/08/2013,2915.36
191-10917-40,C0917,CTA CORRIENTE,San Isidro,10/12/2016,7766.25
191-10918-99,C0918,NA,Surco,02/05/2022,12030.48
191-10919-97,C0919,CTA AHORROS SOLES,Miraflores,15/02/2023,13671.11
191-10920-49,C0920,NA,Miraflores,12/06/2012,2096.98
191-10921-11,C0921,CTA AHORROS SOLES,Callao,24/06/2023,11478.63
191-10922-77,C0922,NA,Lince,12/01/2021,3269.44
191-10923-78,C0923,CTA CORRIENTE,Callao,21/03/2020,8636.8
191-10924-94,C0924,NA,San Isidro,10/08/2010,2175.96
191-10925-85,C0925,CTA CORRIENTE,Lince,18/12/2012,1865.34
191-10926-37,C0926,CTA CORRIENTE,Cajamarca,24/12/2012,1571.28
191-10927-98,C0927,CTA AHORROS SOLES,La Molina,13/07/2010,6550.81
191-10928-10,C0928,NA,Lince,07/12/2013,542.86
191-10929-84,C0929,NA,San Isidro,01/04/2010,5601.72
191-10930-66,C0930,CTA AHORROS DOLARES,Lince,30/08/2015,5745.4
191-10931-85,C0931,CTA AHORROS SOLES,Surco,22/11/2014,8533.21
191-10932-94,C0932,CTA AHORROS SOLES,Miraflores,11/06/2010,9778.86
191-10933-78,C0933,CTA AHORROS SOLES,Surco,20/03/2012,10910.24
191-10934-44,C0934,NA,San Isidro,18/05/2015,4691.98
191-10935-44,C0935,NA,Lince,19/08/2024,11229.01
191-10936-95,C0936,CTA CORRIENTE,Lince,19/02/2010,6571.09
191-10937-35,C0937,CTA AHORROS SOLES,Callao,03/01/2020,5770.03
191-10938-43,C0938,NA,Lince,13/03/2024,6968.92
191-10939-82,C0939,CTA AHORROS SOLES,Surco,11/01/2017,9453.03
191-10940-21,C0940,CTA CORRIENTE,Cajamarca,17/07/2019,3473.64
191-10941-83,C0941,CTA AHORROS SOLES,Surco,17/02/2019,6223.1
191-10942-74,C0942,CTA AHORROS DOLARES,La Molina,08/08/2016,4600.19
191-10943-89,C0943,NA,San Isidro,16/10/2021,14929.84
191-10944-43,C0944,CTA CORRIENTE,Miraflores,18/11/2018,7011.55
191-10945-95,C0945,CTA AHORROS SOLES,La Molina,19/01/2018,2895.26
191-10946-88,C0946,CTA AHORROS SOLES,La Molina,17/10/2010,12464.59
191-10947-14,C0947,CTA AHORROS SOLES,Callao,11/08/2018,10646.63
191-10948-79,C0948,CTA AHORROS DOLARES,Lince,09/11/2015,12577.2
191-10949-95,C0949,CTA AHORROS SOLES,Miraflores,24/01/2010,3109.55
191-10950-49,C0950,CTA AHORROS SOLES,Surco,16/08/2019,9532.57
191-10951-81,C0951,CTA AHORROS SOLES,Surco,21/02/2015,5697.05
191-10952-53,C0952,CTA AHORROS DOLARES,San Isidro,28/09/2013,8524.53
191-10953-11,C0953,CTA CORRIENTE,Surco,20/03/2012,6206.87
191-10954-13,C0954,CTA CORRIENTE,Lince,03/09/2013,9325.74
191-10955-47,C0955,NA,Miraflores,12/02/2018,12960.83
191-10956-29,C0956,CTA CORRIENTE,Miraflores,11/12/2011,11663.17
191-10957-54,C0957,CTA AHORROS SOLES,Miraflores,01/08/2018,7788.28
191-10958-59,C0958,CTA CORRIENTE,La Molina,18/04/2020,1722.99
191-10959-79,C0959,CTA AHORROS DOLARES,La Molina,01/03/2018,2599.36
191-10960-45,C0960,CTA AHORROS DOLARES,Lince,04/03/2014,9914.51
191-10961-45,C0961,NA,La Molina,30/04/2022,1679.2
191-10962-46,C0962,CTA AHORROS DOLARES,Miraflores,19/02/2024,8069.45
191-10963-20,C0963,NA,San Isidro,20/03/2010,4113.16
191-10964-17,C0964,NA,La Molina,04/04/2019,9534.72
191-10965-42,C0965,CTA AHORROS SOLES,La Molina,08/08/2011,11829.54
191-10966-48,C0966,CTA AHORROS SOLES,Miraflores,09/08/2013,1274.39
191-10967-57,C0967,CTA AHORROS SOLES,Cajamarca,29/08/2024,14405.7
191-10968-92,C0968,CTA AHORROS DOLARES,La Molina,30/10/2013,5854.25
191-10969-74,C0969,NA,La Molina,07/11/2020,13049.94
191-10970-15,C0970,NA,Cajamarca,10/11/2020,5354.4
191-10971-45,C0971,CTA AHORROS SOLES,La Molina,19/08/2021,1520.57
191-10972-78,C0972,CTA AHORROS SOLES,Lince,13/10/2013,3114.43
191-10973-43,C0973,NA,La Molina,21/06/2015,10200.36
191-10974-43,C0974,CTA CORRIENTE,Callao,28/01/2014,8991.64
191-10975-18,C0975,CTA AHORROS DOLARES,La Molina,06/08/2011,5835.85
191-10976-38,C0976,CTA CORRIENTE,Miraflores,14/09/2019,9652.56
191-10977-54,C0977,CTA CORRIENTE,Lince,28/01/2022,13487.71
191-10978-88,C0978,CTA AHORROS SOLES,Callao,25/01/2017,12783.3
191-10979-98,C0979,CTA AHORROS DOLARES,Lince,13/04/2016,13254.86
191-10980-52,C0980,CTA CORRIENTE,Callao,18/08/2014,5947.61
191-10981-42,C0981,CTA AHORROS SOLES,Miraflores,09/11/2012,3413.51
191-10982-63,C0982,CTA AHORROS DOLARES,San Isidro,05/04/2023,14795.26
191-10983-25,C0983,CTA AHORROS SOLES,San Isidro,27/05/2023,8131.72
191-10984-50,C0984,CTA AHORROS SOLES,Miraflores,17/02/2016,1767.07
191-10985-93,C0985,CTA AHORROS DOLARES,San Isidro,24/02/2024,715.36
191-10986-93,C0986,NA,Miraflores,26/05/2010,4430.19
191-10987-96,C0987,CTA AHORROS SOLES,Surco,31/08/2011,1876.13
191-10988-90,C0988,CTA AHORROS DOLARES,San Isidro,27/07/2016,11162.86
191-10989-32,C0989,CTA AHORROS SOLES,La Molina,27/01/2022,13474.24
191-10990-71,C0990,CTA CORRIENTE,Callao,29/04/2023,8564.38
191-10991-43,C0991,CTA AHORROS DOLARES,Miraflores,04/02/2017,1453.21
191-10992-24,C0992,CTA CORRIENTE,San Isidro,05/12/2016,6324.63
191-10993-87,C0993,CTA AHORROS DOLARES,Miraflores,16/06/2013,2171.28
191-10994-85,C0994,NA,Miraflores,22/10/2013,9226.35
191-10995-14,C0995,CTA AHORROS DOLARES,Cajamarca,08/04/2021,6921.89
191-10996-73,C0996,CTA CORRIENTE,La Molina,02/03/2016,3494.82
191-10997-86,C0997,CTA AHORROS SOLES,Cajamarca,11/01/2014,8395.7
191-10998-94,C0998,CTA AHORROS DOLARES,Lince,01/02/2020,7035.81
191-10999-36,C0999,CTA AHORROS DOLARES,San Isidro,28/11/2015,10544.13
191-11000-44,C1000,CTA AHORROS DOLARES,Cajamarca,06/03/2014,8188.38
